id,group,apply_status,apply_start,apply_end,apply_text,bizinfo_list_end,draft_diff_note,checked_at
sbiz_digital_edu_1on1_2026,A,open,2026-05-20,2026-11-30,2026.05.20 ~ 2026.11.30,2026-11-30,일치,2026-10-03
sbiz_hope_return_diagnosis_2026,B,open,2026-04-30,2026-11-12,'26. 4. 30.(목) 10:00 ~ '26. 11. 12.(목) 17:00 (예산 소진 시 권역별 조기 마감),2026-11-12,목록 종료일 11/12 ↔ 원문 '예산 소진시까지',2026-10-03
sbiz_free_legal_tax_labor_2026,B,open,2026-06-16,2026-11-30,2026.06.16 ~ 2026.11.30,2026-11-30,일치,2026-10-03
seoul_crisis_early_track2_2026h2,B,rolling,,,예산 소진시까지,2026-12-31,목록 종료일 12/31 ↔ 원문 '예산 소진시까지'. 업력 2년은 OR 분기 안이라 tenure 칸 대신 원문으로,2026-10-03
seoul_food_service_consulting_2026,B,rolling,2026-05-18,,"'26. 5. 18.(월)부터 선착순 모집 (예산소진시), 컨설팅 '26. 5월~10월",2026-12-31,목록 종료일 12/31 ↔ 원문 '선착순 접수',2026-10-03
sbiz_stability_voucher_2026,C,rolling,2026-02-09,2026-12-18,"2월 9일(월) 09시 ~ (잠정) 12월 18일(금) 18시까지, 예산 소진 시 조기 마감",2026-12-18,목록 종료일 12/18 ↔ 원문 '예산 소진시까지'. 초안의 '2025-12-31 이전 개업'은 원문에 없어 뺌,2026-10-03
sbiz_policy_loan_2026,C,rolling,,,"예산 소진시까지 (5차 변경 공고, 중소벤처기업부 공고 제2026-576호, 2026.10.1.)",2026-12-31,목록 종료일 12/31 ↔ 원문 '예산 소진시까지' / 10/3: 링크를 5차 변경공고(PBLN_000000000126965)로 교체. 4차(124909)는 기업마당 '조기마감 사유: 변경공고 등록'. 소상공인24 신청가능 2026-04-20~12-31,2026-10-03
koreg_bizplus_card_individual_2026,C,rolling,2026-03-23,,'26. 3. 23 ~ 한도 소진 시,2026-12-31,목록 종료일 12/31 ↔ 원문 '예산 소진시까지'. 업력 6개월은 AND 조건이라 tenure_months_min=6,2026-10-03
seoul_sme_fund_loan_2026,C,rolling,2026-01-02,,2026. 1. 2.(금) ~ 자금소진시 까지 (2026-09-04 변경공고),2026-12-31,목록 종료일 12/31 ↔ 원문 '예산 소진시까지',2026-10-03
sbiz_hope_return_onestop_closure_2026,D,rolling,,,세부사업별 상이,2026-12-31,목록 종료일 12/31 ↔ 원문 '세부사업별 상이',2026-10-03
ydp_special_credit_guarantee_2026,E,rolling,,,연중,,초안 '재원 소진 시까지'(기사) ↔ 구청 원문 '연중' / 10/3 크로스체크: 신용보증은 심사 전 자격 확정 불가 → 확인 불가 조건(보증 심사) 추가 (광진·마포 보증 사업과 같은 기준),2026-10-03
mapo_model_restaurant_2026,E,open,2026-09-15,2026-10-16,2026. 9. 15.(화) ~ 2026. 10. 16.(금),,"2차 조사: 마포구청 공지사항 원문(2026.09.15, 위생과)으로 확인. 두 신청 경로 모두 개업 6개월 이상이 전제라 tenure_months_min=6",2026-10-03
gwangjin_hvac_clean_care_2026,E,open,2026-10-01,2026-10-13,2026년 10월 1일(목) ~ 10월 13일(화) 18:00까지,,초안 밖 추가: 광진구 공고 제2026-1248호(공고기간 2026-09-29~10-13) 원문. 신청은 10/1 시작. 개업일은 날짜 기준이라 unverifiable,2026-10-03
ydp_digital_transition_edu_2026h2,E,open,2026-09-28,2026-10-16,"9. 28.(월) ~ 10. 16.(금), 선착순 모집 (조기 마감 시 별도 안내 없이 접수 종료)",,"구청 게시판 재검색(10/1)으로 추가: 영등포구 우리구소식 2026.09.22. 교육 10/27~11/10, 수료혜택 라이브커머스 방송 또는 팝업스토어. '거주' 요건은 데이터로 확인 불가",2026-10-03
mapo_special_credit_guarantee_2026,E,rolling,2026-02-27,,2026. 2. 27.(금) ~ 자금 소진 시,,구청 게시판 재검색(10/1)으로 추가: 마포구 공고 제2026-393호 첨부 공고문(구청 문서 뷰어로 원문 확인). 융자 한도 업체당 최대 1억원. 보증제한업종(붙임1)은 유흥주점 등으로 3업종 해당 없음. 자금 소진 여부는 미확인,2026-10-03
seoul_employment_insurance_2026,F,open,2026-02-09,2026-12-31,2026. 2. 9. ~ 12. 31. (예산소진 시 조기 마감될 수 있음),,"10/3 추가: 포털 공고 PDF(infoSeq 1009). 월 보험료 20% 환급, 최대 5년, 정부(소진공) 고용보험료 지원과 중복 신청 가능. 마감된 소진공 사업 대체",2026-10-03
seoul_industrial_accident_insurance_2026,F,open,2026-02-09,2026-12-31,2026. 2. 9. ~ 2026. 12. 31. (예산 소진 시 조기 마감될 수 있음),,"10/3 추가: 포털 공고 PDF(infoSeq 1010). 월 보험료 30~50% 환급, 최대 5년, 1,500명",2026-10-03
seoul_selfemployed_clinic_2026,F,open,2026-02-12,2026-11-15,"사업공고일 ~ 2026년 11월 (예산소진 시 조기종료, 선착순 3,000명). 포털 접수기간 ~2026.11.15",,"10/3 추가: 포털 공고 PDF(infoSeq 1017, 변경공고). 1:1 맞춤형 경영컨설팅(분야별 2회 필수). 지원제한업종(유흥주점 등)에 3업종 없음",2026-10-03
seoul_field_mentoring_2026h2,F,rolling,2026-07-09,,2026. 7. 9.(목) 오전 10시 ~ 예산 소진 시까지. 포털 접수기간 ~2026.12.31,,10/3 추가: 포털 공고 PDF(infoSeq 1289). 60명 내외(기본 30·심화 20·리마인드 10). 업력 3년 이내는 tenure_months_max 36으로 반영,2026-10-03
seoul_restaurant_job_matching_2026,F,rolling,2026-09-23,,상시 (가까운 직업소개소 방문 상담·등록),,10/3 추가: 서울시 경제분야 누리집 2026.09.23 게시. 구인·구직 상담과 연계 무료. 직업소개소 6개소(마포구지회 등),2026-10-03
seoul_safety_bell_2026,F,rolling,2026-02-13,,'26. 2. 13.(금) ~ 연중 상시 접수 (물량 소진 시 조기 마감),,"10/3 추가: 서울시 포스터(유성 제공 이미지)·미디어허브 확인. 간이·면세 무료, 일반과세자 자부담 2만원. 신청: 서울시 누리집",2026-10-03
seoul_food_promotion_fund_loan_2026,F,rolling,2026-01-01,,연중 (자금 소진 시까지),,"10/3 추가: 서울시 미디어허브 2026.02.23. 최대 1억 원, 연 2%, 2년 거치 3년 균등분할. 총 12억. 구별 기금 별도: 마포 4월~10월 말, 광진 2026.3~12 (공고 제2026-389호)",2026-10-03
gwangjin_special_guarantee_recommend_2026,G,rolling,,,연중 수시 (추천 여유액 범위 내),,"10/3 유성 목록 대조로 추가: 광진구 누리집 안내 페이지(연도 표기 없음, 현행 제도). 업체당 7천만원 이내, 2년 거치 3년 균등분할, 구 1.5~2% 이차보전",2026-10-03
korcham_free_management_consulting_2026,G,open,2026-09-01,2026-12-31,2026.09.01 ~ 2026.12.31,,"10/3 유성 목록 대조로 추가: 인사·노무, 세무·회계, 법률·법무, 무역·관세, 특허, 창업 분야 전문가 무료 상담. 전화 1600-1572·코참넷·방문",2026-10-03
kepco_high_efficiency_equipment_2026,G,open,2026-02-09,2026-12-31,'26. 2. 9.(월) ~ '26.12.31.(목) (예산 소진 시 종료),,"10/3 유성 목록 대조로 추가: 공고문 이미지(유성 다운로드). 서울신보 소상공인 데이터 포털 '모집중'(10/3). 구매가격(부가세 제외) 40%, 냉난방기·냉장고 160만원·세탁기·건조기 80만원 한도",2026-10-03
sbiz_unfair_trade_relief_2026,G,rolling,,,예산 소진시까지,,10/3 유성 목록 대조로 추가: 분쟁조정 또는 소송 대리인 선임 지원. 신청: 소상공인 불공정거래 피해상담센터(1599-0209). 소상공인24에는 2025년 공고만 있음,2026-10-03
sbiz_local_crowdfunding_2026,G,open,2026-04-01,2026-12-31,예산 소진시까지 (소상공인24 접수기간 2026-04-01 ~ 2026-12-31),,10/3 유성 목록 대조로 추가: 대출형·증권형·리워드형·리워드형(상권) 크라우드펀딩 지원. 대출형은 별도 유형 조건 없음,2026-10-03
sbiz_hope_return_reemployment_2026,G,open,2026-01-09,2026-12-31,"'26년 1~12월 (예산 소진 시 조기 종료). 소상공인24: 전직장려수당 1·2차 2026-02-06~12-31, 심화교육 ~11-30, 심리회복 ~10-31",,"10/3 유성 요청으로 추가(정리·재기 묶음 보강): 소상공인24 공고 592(전직장려수당 2차) 첨부 「2026년 희망리턴패키지 특화취업지원 모집 공고(2차 수정, 4/22)」 원문 확인. 취업교육(기초·심화)·심리회복·전직장려수당(최대 100만원)·국민취업지원 연계를 1건으로 묶음. 운영 기간 60일은 tenure_min 2로 반영",2026-10-03
