rank,learning_rate,max_leaf_nodes,inner_auc,serving_train,inner_train,inner_val
1,0.03,31,0.6338618133468776,2021Q1~2025Q1,2021Q1~2023Q4,2025Q1
2,0.03,15,0.6333713955538312,2021Q1~2025Q1,2021Q1~2023Q4,2025Q1
3,0.03,63,0.6282035338142263,2021Q1~2025Q1,2021Q1~2023Q4,2025Q1
4,0.06,15,0.6281840575208415,2021Q1~2025Q1,2021Q1~2023Q4,2025Q1
5,0.1,15,0.6256164440944139,2021Q1~2025Q1,2021Q1~2023Q4,2025Q1
6,0.06,31,0.6253769396928334,2021Q1~2025Q1,2021Q1~2023Q4,2025Q1
7,0.06,63,0.6208955976049718,2021Q1~2025Q1,2021Q1~2023Q4,2025Q1
8,0.1,31,0.619232276018885,2021Q1~2025Q1,2021Q1~2023Q4,2025Q1
9,0.1,63,0.6129976568477606,2021Q1~2025Q1,2021Q1~2023Q4,2025Q1
